% Model,Multiple Magnets Simulation_2.mph
% Version,COMSOL 6.3.0.290
% Date,"Aug 17 2026, 10:16"
% Dimension,3
% Nodes,64
% Expressions,12
% Description,"Bx, By, Bz, Gxx, Gxy, Gxz, Gyx, Gyy, Gyz, Gzx, Gzy, Gzz"
% Length unit,m
% x,y,z,mfnc.Bx (T),mfnc.By (T),mfnc.Bz (T),d(mfnc.Bx;x) (T/m),d(mfnc.Bx;y) (T/m),d(mfnc.Bx;z) (T/m),d(mfnc.By;x) (T/m),d(mfnc.By;y) (T/m),d(mfnc.By;z) (T/m),d(mfnc.Bz;x) (T/m),d(mfnc.Bz;y) (T/m),d(mfnc.Bz;z) (T/m)
-1,-1,-0.2,6.120292174510646E-9,8.678155035578129E-10,-1.2054241771758553E-8,2.1321681663680336E-8,3.221520502933431E-9,-1.4964675894203733E-8,3.221520502933431E-9,-4.0821336310062856E-9,-1.7256755443825983E-8,-1.4964675894203733E-8,-1.7256755443825983E-8,-1.7339630649386904E-8
-0.7142857142857143,-1,-0.2,1.6554250928803265E-8,4.5954831055780214E-9,-1.6328931045684776E-8,5.553405440860577E-8,3.0258664973476846E-8,-1.2336990796751277E-8,3.0258664973476846E-8,-1.1319055952097815E-8,-2.9572387197079013E-8,-1.2336990796751277E-8,-2.9572387197079013E-8,-4.437501565446199E-8
-0.4285714285714286,-1,-0.2,3.7422909428003853E-8,2.5905760755947977E-8,-1.5698358604859816E-8,7.685267272182771E-8,1.3695274332691696E-7,2.625263722994044E-8,1.3695274332691696E-7,3.472208675835078E-8,-1.8212394026333878E-8,2.625263722994044E-8,-1.8212394026333878E-8,-1.1127582797015062E-7
-0.1428571428571429,-1,-0.2,3.812820526936958E-8,8.188854698067376E-8,1.0010492722912258E-9,-1.215178347706665E-7,2.0334978193372328E-7,7.498769037113268E-8,2.0334978193372328E-7,3.1444977518933896E-7,1.1978414650764046E-7,7.498769037113268E-8,1.1978414650764046E-7,-1.9365911340102787E-7
0.1428571428571428,-1,-0.2,-2.116646061293437E-8,9.585454635927268E-8,8.753268758663181E-9,-1.9554127044756196E-7,-1.3134131471154E-7,-3.421805969266738E-8,-1.3134131471154E-7,3.8597097872927526E-7,1.7258423976938713E-7,-3.421805969266738E-8,1.7258423976938713E-7,-1.9161175340452863E-7
0.4285714285714284,-1,-0.2,-4.181961992244637E-8,4.212162247239581E-8,-5.989525068087585E-9,2.9600725382038733E-8,-1.734974097614689E-7,-4.3212522724362186E-8,-1.734974097614689E-7,8.81527680852808E-8,3.111673105724712E-8,-4.3212522724362186E-8,3.111673105724712E-8,-1.172835360082056E-7
0.7142857142857142,-1,-0.2,-2.5564273315574153E-8,9.530517049719475E-9,-1.213536080259387E-8,6.084075112090614E-8,-6.275408380966716E-8,-4.188351354894116E-9,-6.275408380966716E-8,-1.0263128704331144E-8,-1.6047967716692194E-8,-4.188351354894116E-9,-1.6047967716692194E-8,-5.061703342963623E-8
1,-1,-0.2,-1.1874691914935007E-8,-2.5227678494998326E-10,-1.1119570431266661E-8,3.462078026651354E-8,-1.4668094671714795E-8,8.037094037861062E-9,-1.4668094671714795E-8,-1.5043809229295688E-8,-1.6443762656174972E-8,8.037094037861062E-9,-1.6443762656174972E-8,-1.9684861830747176E-8
-1,-0.7142857142857143,-0.2,5.679195797581284E-9,2.656396251727373E-10,-1.7973639347388216E-8,2.4370391493996485E-8,-7.01989140542162E-9,-3.00251353987689E-8,-7.01989140542162E-9,2.948580544986848E-9,-2.391843163676367E-8,-3.00251353987689E-8,-2.391843163676367E-8,-2.748193190499632E-8
-0.7142857142857143,-0.7142857142857143,-0.2,2.237679653967528E-8,-1.8639367566959587E-9,-2.814429751061062E-8,1.1407202307189111E-7,-9.825285697632485E-10,-3.648803867131553E-8,-9.825285697632485E-10,-2.964987833232097E-8,-5.4921772240503935E-8,-3.648803867131553E-8,-5.4921772240503935E-8,-8.477146741374264E-8
-0.4285714285714286,-0.7142857142857143,-0.2,9.420088256028972E-8,1.7505810037128687E-8,-2.3908691748351025E-8,4.386739216285838E-7,2.2302427231188376E-7,1.449251905479296E-7,2.2302427231188376E-7,-1.4631537062157542E-7,-6.014491214374395E-8,1.449251905479296E-7,-6.014491214374395E-8,-2.9229469671749707E-7
-0.1428571428571429,-0.7142857142857143,-0.2,1.9877995202506373E-7,2.1634417397064654E-7,1.467116587766272E-7,-3.014630316865391E-7,1.1580576895731215E-6,1.0719390966971367E-6,1.1580576895731215E-6,3.9453314257448023E-7,1.2212769754079023E-6,1.0719390966971367E-6,1.2212769754079023E-6,-8.466017197096688E-8
0.1428571428571428,-0.7142857142857143,-0.2,-1.4501204924802757E-7,2.7531852051167104E-7,2.1059808816457233E-7,-8.341123491896675E-7,-9.776765665745408E-7,-8.661456401724784E-7,-9.776765665745408E-7,6.384022142544824E-7,1.703819258019243E-6,-8.661456401724784E-7,1.703819258019243E-6,2.0851942629207853E-7
0.4285714285714284,-0.7142857142857143,-0.2,-1.2562636797332482E-7,4.7134942276440286E-8,1.4259655387737315E-8,3.9847628210951794E-7,-3.933293431272207E-7,-3.0887690974885977E-7,-3.933293431272207E-7,-1.511410840806349E-7,9.6497033566683E-8,-3.0887690974885977E-7,9.6497033566683E-8,-2.4664520706617205E-7
0.7142857142857142,-0.7142857142857143,-0.2,-4.414212103114541E-8,-2.5455195373273668E-9,-1.9634632690494405E-8,1.7130829966285295E-7,-5.006172139343499E-8,-1.692150320535408E-8,-5.006172139343499E-8,-8.144727006708145E-8,-4.359411596330963E-8,-1.692150320535408E-8,-4.359411596330963E-8,-9.007689039984425E-8
1,-0.7142857142857143,-0.2,-1.4121809348732953E-8,-6.832335019988625E-9,-1.761887775790801E-8,5.807200047205566E-8,3.4331511147535978E-9,1.786578493404857E-8,3.4331511147535978E-9,-2.9910027810915714E-8,-3.087467232609076E-8,1.786578493404857E-8,-3.087467232609076E-8,-2.8344177059854702E-8
-1,-0.4285714285714286,-0.2,3.247786366325695E-9,5.145160591895953E-9,-2.5233444112765276E-8,6.517808408145577E-9,-4.014923187982903E-9,-5.2672270179376336E-8,-4.014923187982903E-9,3.593507677736121E-8,-2.552351834574885E-8,-5.2672270179376336E-8,-2.552351834574885E-8,-4.2591979763068065E-8
-0.7142857142857143,-0.4285714285714286,-0.2,1.1737631671316314E-8,-2.645397781689987E-9,-4.689947936574434E-8,7.918494122595077E-8,-6.56158528763489E-8,-1.0250039159925687E-7,-6.56158528763489E-8,5.127151280571336E-8,-7.053933319180505E-8,-1.0250039159925687E-7,-7.053933319180505E-8,-1.3093753833597146E-7
-0.4285714285714286,-0.4285714285714286,-0.2,9.598995573781571E-8,-4.8298243252620286E-8,-7.203990220712779E-8,7.060729762440666E-7,-3.0526142196931056E-7,4.5068454065916345E-8,-3.0526142196931056E-7,-1.3561302714440583E-7,-2.719730375180593E-7,4.5068454065916345E-8,-2.719730375180593E-7,-5.703504254381156E-7
-0.1428571428571429,-0.4285714285714286,-0.2,4.887007589808818E-7,-2.2114568146339547E-7,3.924263826160841E-7,6.808945463307625E-7,-8.550192291179855E-7,4.694160857992725E-6,-8.550192291179855E-7,-2.7295598831713873E-6,-1.8881718907974572E-6,4.694160857992725E-6,-1.8881718907974572E-6,2.0419840869776045E-6
0.1428571428571428,-0.4285714285714286,-0.2,-4.122406230905263E-7,-2.261549016732038E-7,6.559904483085239E-7,-1.1664781853089738E-6,7.972451260831699E-7,-4.58963921624484E-6,7.972451260831699E-7,-3.6391990429797765E-6,-1.8687975040341465E-6,-4.58963921624484E-6,-1.8687975040341465E-6,4.787418574638083E-6
0.4285714285714284,-0.4285714285714286,-0.2,-1.7444837041316043E-7,-7.22814540624648E-8,-3.0475941378429364E-9,8.569361804092745E-7,2.5288977205602006E-7,-5.242412969289184E-7,2.5288977205602006E-7,-4.825889010783366E-7,-3.2975264193860186E-7,-5.242412969289184E-7,-3.2975264193860186E-7,-3.7353805758233974E-7
0.7142857142857142,-0.4285714285714286,-0.2,-4.1237583991940595E-8,-3.160391799192355E-8,-4.30910892058649E-8,2.151222872944474E-7,8.196854830163333E-8,2.383402417377849E-8,8.196854830163333E-8,-9.137241612617094E-8,-1.325581798127229E-7,2.383402417377849E-8,-1.325581798127229E-7,-1.2418536458153332E-7
1,-0.4285714285714286,-0.2,-7.84894051419767E-9,-1.4741191318856782E-8,-3.0076292117087804E-8,5.3022399323713104E-8,4.114337110015279E-8,4.927925906804959E-8,4.114337110015279E-8,-1.757259844961069E-8,-5.913118154221473E-8,4.927925906804959E-8,-5.913118154221473E-8,-3.570829864503952E-8
-1,-0.1428571428571429,-0.2,9.578122851127902E-9,2.190436284732506E-8,-3.1514581901428215E-8,4.406044503814307E-9,6.34279544406974E-8,-7.354409619498146E-8,6.34279544406974E-8,7.728295831054304E-8,-1.575417246622843E-8,-7.354409619498146E-8,-1.575417246622843E-8,-8.167177622852257E-8
-0.7142857142857143,-0.1428571428571429,-0.2,2.7272784747423784E-9,4.377564449365736E-8,-6.427905984592432E-8,-6.780587785543695E-8,6.182946044648081E-8,-1.7013984809712275E-7,6.182946044648081E-8,3.1066560432400826E-7,-3.956330321746048E-8,-1.7013984809712275E-7,-3.956330321746048E-8,-2.430956771791866E-7
-0.4285714285714286,-0.1428571428571429,-0.2,-1.316392276783972E-8,1.4920723769916642E-8,-1.344918664725026E-7,6.92590761426252E-8,-3.3796282676127205E-7,-3.0002617004326866E-7,-3.3796282676127205E-7,5.698103744078843E-7,-1.4870510441308136E-7,-3.0002617004326866E-7,-1.4870510441308136E-7,-6.393738785272024E-7
-0.1428571428571429,-0.1428571428571429,-0.2,5.9170564152378713E-8,-1.498321320676903E-7,-1.8291712104281597E-7,1.8483422394249156E-7,-7.577597782865917E-7,1.0270290339328777E-7,-7.577597782865917E-7,1.3005329862096255E-6,-5.075292853297619E-7,1.0270290339328777E-7,-5.075292853297619E-7,-1.4857671326848416E-6
0.1428571428571428,-0.1428571428571429,-0.2,-3.655055366225378E-8,-2.1721112855631227E-7,-1.3152850260709406E-7,-4.6265284455571304E-7,4.862183442551862E-7,-1.2807859745260782E-8,4.862183442551862E-7,1.6635220717570691E-6,-1.0876932847920988E-6,-1.2807859745260782E-8,-1.0876932847920988E-6,-1.1991083160372167E-6
0.4285714285714284,-0.1428571428571429,-0.2,-5.7390954950531016E-8,-8.062405475287866E-8,-1.4929681141628474E-7,1.7640202918646895E-7,2.7884057988150895E-7,2.8059312311766074E-8,2.7884057988150895E-7,4.5897024535440793E-7,-6.515312218043151E-7,2.8059312311766074E-8,-6.515312218043151E-7,-6.359392505326449E-7
0.7142857142857142,-0.1428571428571429,-0.2,-7.627684362529088E-9,-3.279386080256788E-8,-1.0573304940520074E-7,1.1392611202494558E-7,1.0955986778012064E-7,2.1749050095755035E-7,1.0955986778012064E-7,1.3279275060757325E-7,-3.421417653754661E-7,2.1749050095755035E-7,-3.421417653754661E-7,-2.469172249614215E-7
1,-0.1428571428571429,-0.2,6.483124229690836E-9,-1.0941536354834626E-8,-5.311804955708647E-8,6.89323005287745E-9,4.6277128951686746E-8,1.3573903492344026E-7,4.6277128951686746E-8,5.67747359212997E-8,-1.0388128792933896E-7,1.3573903492344026E-7,-1.0388128792933896E-7,-6.395114873220389E-8
-1,0.1428571428571428,-0.2,4.599772858578382E-8,3.891000431869652E-8,-3.201940922294297E-8,1.7136920566041278E-7,1.8325832423342102E-7,-6.10942979381869E-8,1.8325832423342102E-7,6.823128970790459E-9,1.5148852007002075E-8,-6.10942979381869E-8,1.5148852007002075E-8,-1.790161211247425E-7
-0.7142857142857143,0.1428571428571428,-0.2,1.341974133849862E-7,1.8228591552969235E-7,-3.2750882769210977E-8,4.162022988262097E-7,1.1015087480911002E-6,1.93689647578045E-7,1.1015087480911002E-6,4.347703034929198E-7,4.0122849073903876E-7,1.93689647578045E-7,4.0122849073903876E-7,-8.495938102398411E-7
-0.4285714285714286,0.1428571428571428,-0.2,-1.8604441940845758E-7,5.621553991817022E-7,1.6489799363448625E-8,-2.5106399410030867E-6,-1.3485973171028578E-6,-1.6266784567196604E-6,-1.3485973171028578E-6,4.725110217507562E-6,3.947835434056318E-6,-1.6266784567196604E-6,3.947835434056318E-6,-2.1989688031921364E-6
-0.1428571428571429,0.1428571428571428,-0.2,-3.887463220851681E-8,7.580801397372657E-8,-2.5054007785682987E-7,9.120660572507731E-7,-2.2501593241167718E-7,2.0545583918834768E-7,-2.2501593241167718E-7,4.856984507183127E-7,-2.6037318558621113E-7,2.0545583918834768E-7,-2.6037318558621113E-7,-1.400816656242056E-6
0.1428571428571428,0.1428571428571428,-0.2,9.160786734148017E-8,2.125750558208643E-7,-2.425457738644238E-7,1.770702093755275E-7,1.2252112053701051E-6,-1.8802581735650396E-7,1.2252112053701051E-6,1.7934215253256305E-6,2.1492790247522455E-7,-1.8802581735650396E-7,2.1492790247522455E-7,-1.9763373626439024E-6
0.4285714285714284,0.1428571428571428,-0.2,-7.899979929344692E-8,5.59347771944212E-7,-2.979968178561571E-7,-1.215716707338442E-6,-4.931977307014076E-7,-4.074623436026821E-7,-4.931977307014076E-7,6.554596512299297E-6,2.2589523212388583E-6,-4.074623436026821E-7,2.2589523212388583E-6,-5.318348634158958E-6
0.7142857142857142,0.1428571428571428,-0.2,-5.739675522185075E-8,1.2625139155330233E-7,-2.4735513219636694E-7,5.300180871517138E-7,-8.938717566166777E-7,8.093746640603618E-7,-8.938717566166777E-7,1.2206451207188093E-6,-4.3965725378846284E-7,8.093746640603618E-7,-4.3965725378846284E-7,-1.755412295436081E-6
1,0.1428571428571428,-0.2,3.153833057136296E-9,2.2657338052473335E-8,-8.485192865557411E-8,3.50658974497834E-8,-1.1030233279145136E-7,3.097311642304017E-7,-1.1030233279145136E-7,1.6544103519828573E-7,-9.103978834626744E-8,3.097311642304017E-7,-9.103978834626744E-8,-2.0188528725999236E-7
-1,0.4285714285714284,-0.2,8.766752522003781E-8,1.3165801374024825E-8,-2.5049144305294025E-8,4.192515657357305E-7,4.683144689848022E-8,-4.9201419684000844E-9,4.683144689848022E-8,-1.6529038703732418E-7,2.4240219739128726E-8,-4.9201419684000844E-9,2.4240219739128726E-8,-2.5730135546093024E-7
-0.7142857142857143,0.4285714285714284,-0.2,4.287273506840475E-7,4.267830389049485E-8,9.428934849912159E-8,2.5801214482074633E-6,1.9643411470109985E-7,1.7280850604235254E-6,1.9643411470109985E-7,-1.1847155083888476E-6,1.4819368783730862E-7,1.7280850604235254E-6,1.4819368783730862E-7,-1.3895770034785746E-6
-0.4285714285714286,0.4285714285714284,-0.2,-5.043604122062871E-7,1.1778220210829688E-7,1.7145516463166186E-6,-1.479131072236949E-5,1.0931041164751972E-7,-6.564795897493589E-6,1.0931041164751972E-7,-3.910887943030327E-6,7.55272819800701E-7,-6.564795897493589E-6,7.55272819800701E-7,1.8587765575502847E-5
-0.1428571428571429,0.4285714285714284,-0.2,-8.538420113043903E-8,9.340811867651581E-8,-2.578759217194155E-7,3.0352571421934117E-6,3.176506049103677E-8,4.767912827696789E-7,3.176506049103677E-8,-4.282562199302153E-7,3.193704167442632E-7,4.767912827696789E-7,3.193704167442632E-7,-2.6022465693994596E-6
0.1428571428571428,0.4285714285714284,-0.2,7.805279896158987E-7,2.476280297053988E-7,2.5546356618226254E-7,4.272334129649034E-6,1.223664901819552E-6,6.376429312498122E-6,1.223664901819552E-6,-3.028420464841332E-6,1.5406096005534168E-6,6.376429312498122E-6,1.5406096005534168E-6,-1.2471773448175641E-6
0.4285714285714284,0.4285714285714284,-0.2,-7.483170593843163E-8,2.7340192532747204E-7,8.641705195253363E-7,1.5228693970423573E-6,1.3709871370372305E-8,7.816318506372351E-7,1.3709871370372305E-8,1.7348686645585983E-6,-5.082411657894044E-7,7.816318506372351E-7,-5.082411657894044E-7,-3.0845449963257668E-6
0.7142857142857142,0.4285714285714284,-0.2,-6.424321483991627E-7,2.2956242287993644E-7,-9.576666508036577E-10,5.251882922828752E-6,-1.2690905122390892E-6,-3.610467082882572E-6,-1.2690905122390892E-6,-1.968307672251577E-6,1.4168793529316856E-6,-3.610467082882572E-6,1.4168793529316856E-6,-3.165957752754069E-6
1,0.4285714285714284,-0.2,-5.808677927965454E-8,4.7327946208315294E-8,-8.448470732041928E-8,4.369286940343018E-7,-2.3041559372776906E-7,2.8704286516598757E-7,-2.3041559372776906E-7,-6.614655018667309E-8,1.0052480906430383E-7,2.8704286516598757E-7,1.0052480906430383E-7,-3.7800513699422643E-7
-1,0.7142857142857142,-0.2,6.561021431576509E-8,-2.505185186137262E-8,-2.077036635624498E-8,2.477033256006435E-7,-1.555363708700599E-7,-1.1314715766739595E-8,-1.555363708700599E-7,-6.12811468092204E-8,9.412695803688265E-9,-1.1314715766739595E-8,9.412695803688265E-9,-1.872663925347265E-7
-0.7142857142857143,0.7142857142857142,-0.2,1.9745775955884914E-7,-1.6504176415098407E-7,1.8471625922991293E-8,6.659991003556999E-7,-1.1453814952068433E-6,5.128231520584974E-7,-1.1453814952068433E-6,1.511058678754476E-7,-3.98973647119413E-7,5.128231520584974E-7,-3.98973647119413E-7,-8.08870891103549E-7
-0.4285714285714286,0.7142857142857142,-0.2,-1.4602366282044514E-7,-6.006613006145647E-7,2.48064032794743E-7,-3.3470610455803155E-6,1.2888265827857498E-6,-1.3471960461443732E-6,1.2888265827857498E-6,4.040391413731982E-6,-4.99239927442804E-6,-1.3471960461443732E-6,-4.99239927442804E-6,-5.636616496981831E-7
-0.1428571428571429,0.7142857142857142,-0.2,-2.2521186536624347E-8,-4.7713757921836794E-8,-1.2527637168823646E-7,1.4833690057574408E-6,2.906130627572976E-7,1.1666459848288083E-7,2.906130627572976E-7,-2.605537244069762E-7,4.0890846760205394E-7,1.1666459848288083E-7,4.0890846760205394E-7,-1.2240997229122326E-6
0.1428571428571428,0.7142857142857142,-0.2,3.3970250925857767E-7,-2.663412992658538E-7,5.222306380863196E-8,1.0318408920216604E-6,-2.05048955614124E-6,1.4418937653272629E-6,-2.05048955614124E-6,3.50598172916052E-7,-9.35484894045697E-7,1.4418937653272629E-6,-9.35484894045697E-7,-1.376862247789771E-6
0.4285714285714284,0.7142857142857142,-0.2,-8.947034060423393E-8,-8.37270520741806E-7,5.40104074727665E-7,-3.7157243536678978E-6,5.334487576877124E-7,-5.308152029057613E-7,5.334487576877124E-7,3.472591685197013E-6,-7.318738152302717E-6,-5.308152029057613E-7,-7.318738152302717E-6,4.222632365283594E-7
0.7142857142857142,0.7142857142857142,-0.2,-3.268203823257793E-7,-1.70199699958202E-7,1.932904737530788E-9,1.317151995726858E-6,1.6703315750035194E-6,-9.105731469002692E-7,1.6703315750035194E-6,4.577881809210737E-8,-3.7308182195651195E-7,-9.105731469002692E-7,-3.7308182195651195E-7,-1.3482682603517024E-6
1,0.7142857142857142,-0.2,-7.584505918481387E-8,3.733778082832892E-9,-4.930939556450301E-8,4.0356506086234225E-7,9.505039991236763E-8,8.911467300291164E-8,9.505039991236763E-8,-1.4336812403476868E-7,1.0858997708527751E-7,8.911467300291164E-8,1.0858997708527751E-7,-2.62786067176205E-7
-1,1,-0.2,2.7106347149370405E-8,-2.4428934659420237E-8,-1.7034057306272476E-8,4.6322866207691097E-8,-9.386690512506619E-8,-2.4065430749968744E-8,-9.386690512506619E-8,3.7256504555976606E-8,1.730488876893179E-8,-2.4065430749968744E-8,1.730488876893179E-8,-8.353722409379762E-8
-0.7142857142857143,1,-0.2,3.198957316635312E-8,-6.615756200536119E-8,-2.457417387952423E-8,-4.830041019434687E-8,-1.8527076486208846E-7,-3.066045903878261E-8,-1.8527076486208846E-7,2.641296813604733E-7,4.597113734189692E-9,-3.066045903878261E-8,4.597113734189692E-9,-2.1460604226612007E-7
-0.4285714285714286,1,-0.2,-6.084444535021481E-9,-8.838570740588774E-8,-4.0034800078982325E-8,-1.2490479353388768E-7,1.0844483513093933E-7,-7.953056182134484E-8,1.0844483513093933E-7,4.6629865721899135E-7,4.4351060078326735E-8,-7.953056182134484E-8,4.4351060078326735E-8,-3.4757963024860954E-7
-0.1428571428571429,1,-0.2,1.2268906069310303E-8,-5.20622019606376E-8,-5.233798541159524E-8,2.00304639385141E-7,-1.4189730450282592E-10,1.5496233322642625E-8,-1.4189730450282592E-10,9.25666423826672E-8,1.4423196572635648E-7,1.5496233322642625E-8,1.4423196572635648E-7,-2.922079871033943E-7
0.1428571428571428,1,-0.2,5.1623397462031666E-8,-1.084368953350709E-7,-3.585627815087386E-8,-1.6181474098917467E-8,-3.4159711853085293E-7,8.460989382051719E-8,-3.4159711853085293E-7,3.995590136006501E-7,3.0919660777337682E-9,8.460989382051719E-8,3.0919660777337682E-9,-3.846411379186859E-7
0.4285714285714284,1,-0.2,-1.8486374651622963E-8,-1.688864852939145E-7,-1.9713123682256755E-8,-3.7315333290324E-7,7.887481917624872E-8,-4.226089451366228E-9,7.887481917624872E-8,8.775494354714657E-7,-1.476319568258158E-7,-4.226089451366228E-9,-1.476319568258158E-7,-5.085412900165425E-7
0.7142857142857142,1,-0.2,-7.121387489409711E-8,-8.090265719197318E-8,-3.004166207237139E-8,3.606018457112523E-8,3.5886016661780385E-7,-2.4107117268056225E-8,3.5886016661780385E-7,2.800621442733238E-7,2.3951337515033416E-8,-2.4107117268056225E-8,2.3951337515033416E-8,-3.139729891211778E-7
1,1,-0.2,-4.008648311543069E-8,-1.5238012482098385E-8,-2.6916088929466183E-8,1.1738446604627171E-7,1.1238430745002181E-7,3.2941705215186384E-8,1.1238430745002181E-7,-8.222943150679083E-9,5.391796331019904E-8,3.2941705215186384E-8,5.391796331019904E-8,-1.093242168397063E-7
