Iteration,TotalLoss,DataLoss,TvLoss,TraceLoss,CtLoss,StepSize
0,0.0814805646255274,0,1.56291894930102,1.79215820668329,0,0
1,0.0813719829572262,7.19493240235255e-06,1.56202125736717,1.78871362122864,0.000777809670767894,0.000125
2,0.0812117390703976,1.31875453111587e-05,1.56118477795572,1.78402887069858,0.00116618575836823,0.00013125
3,0.0811445424573942,2.12061639624023e-05,1.5606717579018,1.78139880676592,0.00231584809015306,0.0001378125
4,0.0810442473955693,2.934822701049e-05,1.56000039263413,1.77793952952433,0.00335054617989362,0.000144703125
5,0.0809716046348043,3.82345914607831e-05,1.55944007700388,1.77548361945985,0.00390812191010854,0.00015193828125
6,0.0808836019847844,4.74699234443959e-05,1.55873973184905,1.77269931187988,0.00433896816778237,0.0001595351953125
7,0.0808336717106712,5.7412725890305e-05,1.55821628781979,1.77100549780187,0.0046235553938955,0.000167511955078125
8,0.0807473873213003,6.76961906873893e-05,1.55766399746788,1.76828702142557,0.00488387055517166,0.000175887552832031
9,0.0807070771640065,7.89016677040728e-05,1.55725461868374,1.76675723805814,0.00523083700312868,0.000184681930473633
10,0.0806341674664558,8.9685728511542e-05,1.55665971069708,1.76447993153762,0.00538838028812939,0.000193916026997315
11,0.0805865704919901,0.000101215895411766,1.55621828321122,1.7626928336112,0.00582430108258133,0.00020361182834718
12,0.0805474536725731,0.000113573174574962,1.55571312405366,1.76119833676291,0.00616906113261149,0.000213792419764539
13,0.0805007815843267,0.00012617031870915,1.55519391177189,1.75954617682374,0.00640840677619063,0.000224482040752766
14,0.080456480151275,0.000138979346128955,1.55484574690793,1.75786282073321,0.00670765582942423,0.000235706142790405
15,0.0804336479481475,0.000152942341744138,1.55448914543941,1.75663430921311,0.00723175193357109,0.000247491449929925
16,0.080387430304048,0.000166963743629235,1.55407467558878,1.75492983608645,0.00745130951638489,0.000259866022426421
17,0.0803771059318859,0.000181251202848002,1.55378290213146,1.75411504925305,0.00782165898018601,0.000272859323547742
18,0.0803354206937222,0.000195969465195721,1.55332280008714,1.7524307035965,0.00822515008016164,0.000286502289725129
19,0.0803293298346585,0.000211091527246291,1.55308011114807,1.75166049938438,0.00865797475909335,0.000300827404211386
20,0.0796277802131647,0.000212204734777126,1.54955580121709,1.73466011021301,0.00539010031635623,0.000157934387210978
21,0.0795097282157417,0.000218024654149924,1.54898183099164,1.73110089950563,0.0057695053497567,8.29155532857632e-05
22,0.0794874502601492,0.000225279554609902,1.54876139455174,1.73024525657803,0.00592249953436564,8.70613309500514e-05
23,0.0794431175469556,0.000232282756232352,1.54848433632229,1.72877801032772,0.00608961966928186,9.1414397497554e-05
24,0.0794195203790021,0.000239465461713253,1.54826273463825,1.72793614206502,0.00615685646770718,9.59851173724317e-05
25,0.07937820512927,0.00024639834143117,1.54798339650135,1.72658113384178,0.00628331726800841,0.000100784373241053
26,0.0793645166450384,0.000253513211447776,1.54779335620272,1.7259960772318,0.00638102280224999,0.000105823591903106
27,0.0793370515986462,0.000260649965055139,1.54753986356224,1.724981089761,0.00657925646045985,0.000111114771498261
28,0.0793239811627,0.000268257485888678,1.54736460221018,1.72438896901581,0.0066867267367953,0.000116670510073174
29,0.0793003552078765,0.000275677291861748,1.54714572271075,1.72350276431637,0.0068166246206419,0.000122504035576833
30,0.0792934635322528,0.000283383223941779,1.54694637953033,1.72302781201319,0.00703751667426656,0.000128629237355675
31,0.0792739366704377,0.000291228059806881,1.5467144938787,1.72223903127617,0.00718842947102157,0.000135060699223458
32,0.0792519285125471,0.00029909492066499,1.54647121421463,1.72132980959909,0.00743178426692414,0.000141813734184631
33,0.0792470772824563,0.0003076418680964,1.54634650330075,1.72085322898358,0.00767071801627564,0.000148904420893863
34,0.07923041086097,0.000315978743397126,1.5461059835372,1.72012600641998,0.00783750452135103,0.000156349641938556
35,0.0792261695591832,0.00032503178300486,1.54598569749069,1.71963103179699,0.00811116466976146,0.000164167124035484
36,0.0792125587070226,0.000333720398390192,1.54574183401513,1.71898327431344,0.00827608497401558,0.000172375480237258
37,0.0788631690995919,0.000336607413036597,1.54442908277158,1.71032180613809,0.00660747392316495,9.04971271245605e-05
38,0.0787854307290514,0.000339990292952502,1.54419371007643,1.70808774335317,0.00660224489104251,4.75109917403943e-05
39,0.0787739245447789,0.000344287476669975,1.5440791752447,1.70756990333336,0.00678701742524456,4.9886541327414e-05
40,0.0787491067529053,0.00034846066407688,1.54395130547706,1.70676463099412,0.00682341691547327,5.23808683937847e-05
41,0.0787368016615346,0.000352549395682169,1.54384568165,1.70628975182755,0.00689813860440202,5.49999118134739e-05
42,0.0787167364509458,0.00035652159529388,1.54373464494509,1.70561418671554,0.00694512906334328,5.77499074041476e-05
43,0.0787050636056223,0.000360663960759187,1.54361572142104,1.7051354391261,0.00706353091985511,6.0637402774355e-05
44,0.078699149123857,0.00036485857301619,1.54348952692327,1.70486584884952,0.00710557590141624,6.36692729130728e-05
45,0.0786830083399178,0.000368952240011973,1.54336831631444,1.70426860522478,0.007211756063264,6.68527365587264e-05
46,0.0786749976670577,0.000373322816731225,1.54329062405516,1.70391898807804,0.00725113894665418,7.01953733866627e-05
47,0.0786671415853602,0.000377627545566826,1.54316462424356,1.70355947769976,0.00734784146895599,7.37051420559959e-05
48,0.0786590272489317,0.000382075009488045,1.54305450064355,1.7031898274849,0.00743271348746986,7.73903991587957e-05
49,0.0786565114873681,0.000386489109986805,1.54294188838467,1.70296527864404,0.00754674821119475,8.12599191167354e-05
50,0.0786411181142696,0.000391169716997084,1.54282879042758,1.70236279079837,0.00766526170993784,8.53229150725722e-05
51,0.0784981305010404,0.000393175049588335,1.54245373619252,1.69872065287546,0.00701438832503184,4.47945304131004e-05
52,0.0784571358706078,0.000394919340444962,1.54236204168114,1.6975557949333,0.00697096036617843,2.35171284668777e-05
53,0.0784484871190957,0.000397120535791579,1.5423139936686,1.69724269476765,0.00700521712065892,2.46929848902216e-05
54,0.078435916131634,0.000399199436676097,1.54225857205334,1.69682880401322,0.00703028449275225,2.59276341347327e-05
55,0.0784295676779902,0.00040131959079009,1.54221057114898,1.69659020427752,0.00705320418495121,2.72240158414693e-05
56,0.0784177211706288,0.000403432734237913,1.54215975217772,1.69619214819834,0.0070823111658092,2.85852166335428e-05
57,0.0784124980063468,0.00040558279714067,1.54210632729171,1.69598055891787,0.00711598597900595,3.00144774652199e-05
58,0.0784040326565299,0.000407715952114626,1.54204834412921,1.69568114015292,0.00714483347562616,3.15152013384809e-05
59,0.0783981044431354,0.000409871150167768,1.54199200821023,1.69544585753181,0.00718620904156913,3.3090961405405e-05
60,0.0783918338843683,0.000412053582826477,1.54193745600577,1.69519508785248,0.00723513773178906,3.47455094756752e-05
61,0.078386866792526,0.000414318968070819,1.54187214134894,1.69497902030892,0.00729082087278917,3.6482784949459e-05
62,0.0783825373285616,0.000416624868153656,1.54182126462373,1.69478915287693,0.00732184671152981,3.8306924196932e-05
63,0.0783766520758515,0.000418940303439575,1.54174536395969,1.69454555497151,0.00738364904463942,4.02222704067785e-05
64,0.0783712345153125,0.00042137364404092,1.54168117947679,1.69430735454657,0.00744646542100786,4.22333839271175e-05
65,0.0783686624750943,0.000423854380414254,1.54161524943021,1.69415910998905,0.00749281259503472,4.43450531234733e-05
66,0.0783611463203465,0.000426400957136144,1.54154188024867,1.69385403608903,0.00756757685550889,4.6562305779647e-05
67,0.0783592888960334,0.000429114687715334,1.54146918481297,1.693702702475,0.00764747019687148,4.88904210686294e-05
68,0.0783532488088902,0.000431924720774958,1.54138748417813,1.69341721270672,0.00775359166212332,5.13349421220608e-05
69,0.0782690932150371,0.0004331665411023,1.54122741732014,1.6912536622538,0.00736597436050671,2.69508446140819e-05
70,0.0782436042823758,0.000434180113822402,1.54118374245515,1.69052511288331,0.00734201540879413,1.4149193422393e-05
71,0.0782398863407738,0.000435556767624647,1.54115442595499,1.69037957628075,0.00735956459315958,1.48566530935127e-05
72,0.0782315932193196,0.000436818890194135,1.54112536872704,1.69011058509888,0.00736997129701602,1.55994857481883e-05
73,0.0782282758246269,0.000438088799011789,1.54109592528966,1.6899817176123,0.00738379028543908,1.63794600355977e-05
74,0.0782220373581686,0.000439307107938684,1.54106559960956,1.68977215199861,0.00739588674819557,1.71984330373776e-05
75,0.0782178778309874,0.000440557946748066,1.54103528638068,1.68961681690131,0.00741539280627153,1.80583546892465e-05
76,0.0782137674319237,0.000441800058188455,1.54099617109817,1.68946403663417,0.00743860191805849,1.89612724237088e-05
77,0.0782117042391691,0.000443090464093745,1.54096380715949,1.68936491480409,0.00746380355092523,1.99093360448943e-05
78,0.0782054896961917,0.000444363131194112,1.54092870377571,1.68915735372288,0.00747373696941137,2.0904802847139e-05
79,0.0782034216008035,0.000445676266838775,1.54089179337868,1.68905531150496,0.0075053955373408,2.19500429894959e-05
80,0.0781994841634809,0.000447059545497742,1.54085518723011,1.68890536063206,0.00752373745498285,2.30475451389707e-05
