Iteration,TotalLoss,DataLoss,TvLoss,CurlLoss,StepSize
0,0.0972633212134415,0,1.56291894930102,0.546210678525441,0
1,0.0972135957210726,2.64842013462854e-05,1.56072966253772,0.547160811224015,0.00025
2,0.0968460397727467,4.20714481479464e-05,1.55894708404565,0.538760403494752,0.0002625
3,0.0967660812952997,6.53278782207469e-05,1.55796625053555,0.537212596865759,0.000275625
4,0.0965552908294531,8.72373535229374e-05,1.55653357789727,0.532610702316187,0.00028940625
5,0.0964862655060368,0.000111408492318497,1.5555550056258,0.531345906640813,0.0003038765625
6,0.0963740061407351,0.000135367438061014,1.55449171574837,0.528972940435873,0.000319070390625
7,0.0963300596141126,0.000160939067476867,1.55372533226863,0.528081540948694,0.00033502391015625
8,0.0962197087105042,0.000185722831125625,1.55256638279894,0.525876192555181,0.000351775105664063
9,0.0962015068271327,0.000212416463475508,1.55202841315223,0.525361991601304,0.000369363860947266
10,0.0961481884797946,0.00023904298462955,1.55113438624702,0.524355033794692,0.000387832053994629
11,0.0947454808798712,0.000240885282700533,1.54369624952741,0.494850946308579,0.00020361182834718
12,0.0945885553628891,0.000254679518963662,1.54271858292973,0.491369905641105,0.00010689620988227
13,0.0945360699919609,0.000269719142760865,1.54212871621852,0.490283286807833,0.000112241020376383
14,0.0944448553034507,0.000283626812686786,1.5414714672216,0.488218717990975,0.000117853071395202
15,0.0943986783491893,0.00029765025820637,1.54098126583086,0.487198994269713,0.000123745724964962
16,0.0943399662273024,0.000311750315288216,1.54051048590272,0.485791189053661,0.000129933011213211
17,0.0942946717565877,0.000326023989551649,1.53996296151674,0.484871419748538,0.000136429661773871
18,0.0942467749929992,0.000340257700521686,1.53943181734858,0.483855040715676,0.000143251144862565
19,0.0942183810782706,0.000354361916022909,1.53891103911385,0.483384777330153,0.000150413702105693
20,0.0941879644208383,0.000368913965446527,1.53856044926378,0.482600799777223,0.000157934387210978
21,0.0941589475535822,0.000383545146352996,1.53808488469417,0.482033090643448,0.000165831106571526
22,0.094137338856928,0.000398535189641302,1.5377082998625,0.481525390690331,0.000174122661900103
23,0.0941047152632868,0.000413857529720707,1.53722769859785,0.480842080104963,0.000182828794995108
24,0.0940935342065645,0.000429410915588969,1.53687011268859,0.480589075901314,0.000191970234744863
25,0.0940885994737685,0.000444971821365587,1.53646350665728,0.480584351986826,0.000201568746482107
26,0.0940661265340425,0.000460556568541542,1.53606375488516,0.480068063464078,0.000211647183806212
27,0.0940654487848008,0.000476491920293805,1.53567230011863,0.480152624530733,0.000222229542996523
28,0.0933288972971571,0.000481818186521931,1.53230959235597,0.463759985509624,0.000116670510073174
29,0.093237948257925,0.000490411100795898,1.53183022032499,0.461600746882275,6.12520177884165e-05
30,0.0932027105802914,0.000499628238172191,1.53152380455034,0.460768346131496,6.43146186778373e-05
31,0.0931614113544239,0.000508699419385252,1.53121815930982,0.459765827701366,6.75303496117292e-05
32,0.093132627423181,0.000517463247368851,1.53092515053072,0.459111618550741,7.09068670923157e-05
33,0.0931063817309499,0.000526154634691505,1.53064341224458,0.458515899543694,7.44522104469315e-05
34,0.0930768410396739,0.000534810727601093,1.53036202303533,0.457826547437325,7.8174820969278e-05
35,0.0930591157504942,0.00054372759607279,1.53010731105503,0.457429217190563,8.20835620177419e-05
36,0.0930410632547932,0.000552591508404253,1.52982621921861,0.457061736727391,8.6187740118629e-05
37,0.0930190489335558,0.000561566109096505,1.52954309299981,0.456580804984819,9.04971271245605e-05
38,0.093003479495114,0.000570610273308926,1.52927933265673,0.456254359684821,9.50219834807885e-05
39,0.092989523513292,0.000579827025459797,1.52900847217437,0.455979225117535,9.9773082654828e-05
40,0.0929750475488941,0.000589155310763652,1.52875615398244,0.455659558257378,0.000104761736787569
41,0.0929653686827775,0.000598641524606939,1.52848434664183,0.455500280745116,0.000109999823626948
42,0.092963782605025,0.000608297851834282,1.52825310509678,0.455509414238618,0.000115499814808295
43,0.0929493651472967,0.000618037740882588,1.52798775173278,0.455198280565,0.00012127480554871
44,0.0926160324523553,0.000622204148681667,1.52672401555228,0.447360786458852,6.36692729130728e-05
45,0.0925488165025786,0.000626784585720444,1.52647266480197,0.445668533621707,3.34263682793632e-05
46,0.0925380642551022,0.00063216680268931,1.52631424318684,0.445433865516311,3.50976866933314e-05
47,0.0925093570876208,0.000637155897501279,1.52612824365902,0.44473682877625,3.68525710279979e-05
48,0.0924942481590203,0.000642144833894951,1.52598206935142,0.444371424501557,3.86951995793978e-05
49,0.0924780360952424,0.000647203227820087,1.52581378212784,0.444004107458016,4.06299595583677e-05
50,0.0924606637516233,0.000652246817765872,1.52566449127058,0.443576924866528,4.26614575362861e-05
51,0.0924490444935313,0.000657443935131215,1.52550378149799,0.443326042385726,4.47945304131004e-05
52,0.092438160240096,0.000662714124375205,1.52533698231369,0.443102771429609,4.70342569337554e-05
53,0.0924226227112351,0.000667983742861604,1.52516550691342,0.442753246362928,4.93859697804432e-05
54,0.092417879356705,0.000673350292202724,1.52501886141567,0.442673885534814,5.18552682694654e-05
55,0.0924055293196187,0.000678668945491241,1.5248574374555,0.442399671467208,5.44480316829386e-05
56,0.0923975858088272,0.000684226462860619,1.52470939851218,0.442225412010216,5.71704332670856e-05
57,0.0923838206161106,0.000689839505949891,1.52452508783698,0.441935049094615,6.00289549304399e-05
58,0.0923810641950549,0.000695648076478579,1.52438597933935,0.441889061474541,6.30304026769619e-05
59,0.0923683797600613,0.00070154443113033,1.52419069369902,0.441637161256564,6.618192281081e-05
60,0.092367519953535,0.000707699730572749,1.52403761354565,0.441655415590849,6.94910189513505e-05
61,0.0923539964425459,0.000713911850756601,1.5238298984458,0.441388276271411,7.2965569898918e-05
62,0.092175470918548,0.000716838582568737,1.5232817159397,0.436987043971266,3.8306924196932e-05
63,0.0921325430929124,0.000719562635800104,1.52314273848165,0.435881243800846,2.01111352033893e-05
64,0.0921264912519466,0.000722961111580773,1.52304217680061,0.4357548942953,2.11166919635587e-05
65,0.0921087814257709,0.000726076909430317,1.52294269577673,0.435301992214402,2.21725265617367e-05
66,0.0920994565401298,0.000729148173947984,1.52285131415641,0.435078361667471,2.32811528898235e-05
67,0.0920886217957108,0.000732250735331437,1.5227554137628,0.434817153492552,2.44452105343147e-05
68,0.0920803308381014,0.000735396062850218,1.522662175173,0.434623600474315,2.56674710610304e-05
69,0.092072399601478,0.000738554862511642,1.52256505911023,0.43444547952728,2.69508446140819e-05
70,0.0920641579656115,0.000741704938754267,1.52246778548788,0.434258964356092,2.8298386844786e-05
71,0.0920582561659021,0.000744926008545971,1.52236551448636,0.434144412372525,2.97133061870253e-05
72,0.092050278719195,0.000748228019177227,1.52226523705981,0.433965395629356,3.11989714963766e-05
73,0.0920436762493937,0.000751650395833107,1.52216587688266,0.433820914555073,3.27589200711955e-05
74,0.0920382627553722,0.000755151732925247,1.52206575914,0.433709230441343,3.43968660747552e-05
75,0.0920314807490268,0.000758660085349616,1.52195700875042,0.433570577890172,3.6116709378493e-05
76,0.0920293043842893,0.000762246544289647,1.52186145008639,0.433542438162293,3.79225448474176e-05
77,0.0920228427763135,0.000765881984764247,1.52173135508376,0.433439801067463,3.98186720897885e-05
78,0.0920182496083956,0.00076959773082176,1.52162570736659,0.433353328835548,4.1809605694278e-05
79,0.0920160613405455,0.00077350340746172,1.52151380824043,0.433339072030354,4.39000859789919e-05
80,0.0920092994226732,0.000777524160806062,1.52140948920267,0.433180022906672,4.60950902779414e-05
